Accuracy,Precision,Recall,F1-Score
0.9722322216688282,0.9937060844622829,0.9504490279285502,0.971596325832665
